"Group.1","Group.2","Group.3","Group.4","x"
"../scenariosimul/cleankdd_train.csv",2,"forest","accuracy",0.952
"../scenariosimul/connect-4Train.csv",2,"forest","accuracy",0.5984
"../scenariosimul/covtype.data",2,"forest","accuracy",0.6424
"../scenariosimul/HIGGS.csv",2,"forest","accuracy",0.6144
"../scenariosimul/scenariosimulC2D5G3STDEV0.05.csv",2,"forest","accuracy",0.6064
"../scenariosimul/scenariosimulC8D3G3STDEV0.05.csv",2,"forest","accuracy",0.8168
"../scenariosimul/spambase.data",2,"forest","accuracy",0.9128
"../scenariosimul/cleankdd_train.csv",4,"forest","accuracy",0.952
"../scenariosimul/connect-4Train.csv",4,"forest","accuracy",0.5984
"../scenariosimul/covtype.data",4,"forest","accuracy",0.6424
"../scenariosimul/HIGGS.csv",4,"forest","accuracy",0.6144
"../scenariosimul/scenariosimulC2D5G3STDEV0.05.csv",4,"forest","accuracy",0.6064
"../scenariosimul/scenariosimulC8D3G3STDEV0.05.csv",4,"forest","accuracy",0.8168
"../scenariosimul/spambase.data",4,"forest","accuracy",0.9128
"../scenariosimul/cleankdd_train.csv",7,"forest","accuracy",0.952
"../scenariosimul/connect-4Train.csv",7,"forest","accuracy",0.5984
"../scenariosimul/covtype.data",7,"forest","accuracy",0.6424
"../scenariosimul/HIGGS.csv",7,"forest","accuracy",0.6144
"../scenariosimul/scenariosimulC2D5G3STDEV0.05.csv",7,"forest","accuracy",0.6064
"../scenariosimul/scenariosimulC8D3G3STDEV0.05.csv",7,"forest","accuracy",0.8168
"../scenariosimul/spambase.data",7,"forest","accuracy",0.9128
"../scenariosimul/cleankdd_train.csv",11,"forest","accuracy",0.952
"../scenariosimul/connect-4Train.csv",11,"forest","accuracy",0.5984
"../scenariosimul/covtype.data",11,"forest","accuracy",0.6424
"../scenariosimul/HIGGS.csv",11,"forest","accuracy",0.6144
"../scenariosimul/scenariosimulC2D5G3STDEV0.05.csv",11,"forest","accuracy",0.6064
"../scenariosimul/scenariosimulC8D3G3STDEV0.05.csv",11,"forest","accuracy",0.8168
"../scenariosimul/spambase.data",11,"forest","accuracy",0.9128
"../scenariosimul/cleankdd_train.csv",15,"forest","accuracy",0.952
"../scenariosimul/connect-4Train.csv",15,"forest","accuracy",0.5984
"../scenariosimul/covtype.data",15,"forest","accuracy",0.6424
"../scenariosimul/HIGGS.csv",15,"forest","accuracy",0.6144
"../scenariosimul/scenariosimulC2D5G3STDEV0.05.csv",15,"forest","accuracy",0.6064
"../scenariosimul/scenariosimulC8D3G3STDEV0.05.csv",15,"forest","accuracy",0.8168
"../scenariosimul/spambase.data",15,"forest","accuracy",0.9128
"../scenariosimul/cleankdd_train.csv",2,"lda","accuracy",0.868
"../scenariosimul/connect-4Train.csv",2,"lda","accuracy",0.5384
"../scenariosimul/covtype.data",2,"lda","accuracy",0.5624
"../scenariosimul/HIGGS.csv",2,"lda","accuracy",0.5912
"../scenariosimul/scenariosimulC2D5G3STDEV0.05.csv",2,"lda","accuracy",0.5128
"../scenariosimul/scenariosimulC8D3G3STDEV0.05.csv",2,"lda","accuracy",0.324
"../scenariosimul/spambase.data",2,"lda","accuracy",0.8664
"../scenariosimul/cleankdd_train.csv",4,"lda","accuracy",0.868
"../scenariosimul/connect-4Train.csv",4,"lda","accuracy",0.5384
"../scenariosimul/covtype.data",4,"lda","accuracy",0.5624
"../scenariosimul/HIGGS.csv",4,"lda","accuracy",0.5912
"../scenariosimul/scenariosimulC2D5G3STDEV0.05.csv",4,"lda","accuracy",0.5128
"../scenariosimul/scenariosimulC8D3G3STDEV0.05.csv",4,"lda","accuracy",0.324
"../scenariosimul/spambase.data",4,"lda","accuracy",0.8664
"../scenariosimul/cleankdd_train.csv",7,"lda","accuracy",0.868
"../scenariosimul/connect-4Train.csv",7,"lda","accuracy",0.5384
"../scenariosimul/covtype.data",7,"lda","accuracy",0.5624
"../scenariosimul/HIGGS.csv",7,"lda","accuracy",0.5912
"../scenariosimul/scenariosimulC2D5G3STDEV0.05.csv",7,"lda","accuracy",0.5128
"../scenariosimul/scenariosimulC8D3G3STDEV0.05.csv",7,"lda","accuracy",0.324
"../scenariosimul/spambase.data",7,"lda","accuracy",0.8664
"../scenariosimul/cleankdd_train.csv",11,"lda","accuracy",0.868
"../scenariosimul/connect-4Train.csv",11,"lda","accuracy",0.5384
"../scenariosimul/covtype.data",11,"lda","accuracy",0.5624
"../scenariosimul/HIGGS.csv",11,"lda","accuracy",0.5912
"../scenariosimul/scenariosimulC2D5G3STDEV0.05.csv",11,"lda","accuracy",0.5128
"../scenariosimul/scenariosimulC8D3G3STDEV0.05.csv",11,"lda","accuracy",0.324
"../scenariosimul/spambase.data",11,"lda","accuracy",0.8664
"../scenariosimul/cleankdd_train.csv",15,"lda","accuracy",0.868
"../scenariosimul/connect-4Train.csv",15,"lda","accuracy",0.5384
"../scenariosimul/covtype.data",15,"lda","accuracy",0.5624
"../scenariosimul/HIGGS.csv",15,"lda","accuracy",0.5912
"../scenariosimul/scenariosimulC2D5G3STDEV0.05.csv",15,"lda","accuracy",0.5128
"../scenariosimul/scenariosimulC8D3G3STDEV0.05.csv",15,"lda","accuracy",0.324
"../scenariosimul/spambase.data",15,"lda","accuracy",0.8664
"../scenariosimul/cleankdd_train.csv",2,"multinom","accuracy",0.9176
"../scenariosimul/connect-4Train.csv",2,"multinom","accuracy",0.5696
"../scenariosimul/covtype.data",2,"multinom","accuracy",0.5912
"../scenariosimul/HIGGS.csv",2,"multinom","accuracy",0.5848
"../scenariosimul/scenariosimulC2D5G3STDEV0.05.csv",2,"multinom","accuracy",0.5128
"../scenariosimul/scenariosimulC8D3G3STDEV0.05.csv",2,"multinom","accuracy",0.3336
"../scenariosimul/spambase.data",2,"multinom","accuracy",0.8464
"../scenariosimul/cleankdd_train.csv",4,"multinom","accuracy",0.9176
"../scenariosimul/connect-4Train.csv",4,"multinom","accuracy",0.5696
"../scenariosimul/covtype.data",4,"multinom","accuracy",0.5912
"../scenariosimul/HIGGS.csv",4,"multinom","accuracy",0.5848
"../scenariosimul/scenariosimulC2D5G3STDEV0.05.csv",4,"multinom","accuracy",0.5128
"../scenariosimul/scenariosimulC8D3G3STDEV0.05.csv",4,"multinom","accuracy",0.3336
"../scenariosimul/spambase.data",4,"multinom","accuracy",0.8464
"../scenariosimul/cleankdd_train.csv",7,"multinom","accuracy",0.9176
"../scenariosimul/connect-4Train.csv",7,"multinom","accuracy",0.5696
"../scenariosimul/covtype.data",7,"multinom","accuracy",0.5912
"../scenariosimul/HIGGS.csv",7,"multinom","accuracy",0.5848
"../scenariosimul/scenariosimulC2D5G3STDEV0.05.csv",7,"multinom","accuracy",0.5128
"../scenariosimul/scenariosimulC8D3G3STDEV0.05.csv",7,"multinom","accuracy",0.3336
"../scenariosimul/spambase.data",7,"multinom","accuracy",0.8464
"../scenariosimul/cleankdd_train.csv",11,"multinom","accuracy",0.9176
"../scenariosimul/connect-4Train.csv",11,"multinom","accuracy",0.5696
"../scenariosimul/covtype.data",11,"multinom","accuracy",0.5912
"../scenariosimul/HIGGS.csv",11,"multinom","accuracy",0.5848
"../scenariosimul/scenariosimulC2D5G3STDEV0.05.csv",11,"multinom","accuracy",0.5128
"../scenariosimul/scenariosimulC8D3G3STDEV0.05.csv",11,"multinom","accuracy",0.3336
"../scenariosimul/spambase.data",11,"multinom","accuracy",0.8464
"../scenariosimul/cleankdd_train.csv",15,"multinom","accuracy",0.9176
"../scenariosimul/connect-4Train.csv",15,"multinom","accuracy",0.5696
"../scenariosimul/covtype.data",15,"multinom","accuracy",0.5912
"../scenariosimul/HIGGS.csv",15,"multinom","accuracy",0.5848
"../scenariosimul/scenariosimulC2D5G3STDEV0.05.csv",15,"multinom","accuracy",0.5128
"../scenariosimul/scenariosimulC8D3G3STDEV0.05.csv",15,"multinom","accuracy",0.3336
"../scenariosimul/spambase.data",15,"multinom","accuracy",0.8464
"../scenariosimul/cleankdd_train.csv",2,"svm","accuracy",0.8848
"../scenariosimul/connect-4Train.csv",2,"svm","accuracy",0.596
"../scenariosimul/covtype.data",2,"svm","accuracy",0.4712
"../scenariosimul/HIGGS.csv",2,"svm","accuracy",0.548
"../scenariosimul/scenariosimulC2D5G3STDEV0.05.csv",2,"svm","accuracy",0.5904
"../scenariosimul/scenariosimulC8D3G3STDEV0.05.csv",2,"svm","accuracy",0.7904
"../scenariosimul/spambase.data",2,"svm","accuracy",0.7352
"../scenariosimul/cleankdd_train.csv",4,"svm","accuracy",0.8848
"../scenariosimul/connect-4Train.csv",4,"svm","accuracy",0.596
"../scenariosimul/covtype.data",4,"svm","accuracy",0.4712
"../scenariosimul/HIGGS.csv",4,"svm","accuracy",0.548
"../scenariosimul/scenariosimulC2D5G3STDEV0.05.csv",4,"svm","accuracy",0.5904
"../scenariosimul/scenariosimulC8D3G3STDEV0.05.csv",4,"svm","accuracy",0.7904
"../scenariosimul/spambase.data",4,"svm","accuracy",0.7352
"../scenariosimul/cleankdd_train.csv",7,"svm","accuracy",0.8848
"../scenariosimul/connect-4Train.csv",7,"svm","accuracy",0.596
"../scenariosimul/covtype.data",7,"svm","accuracy",0.4712
"../scenariosimul/HIGGS.csv",7,"svm","accuracy",0.548
"../scenariosimul/scenariosimulC2D5G3STDEV0.05.csv",7,"svm","accuracy",0.5904
"../scenariosimul/scenariosimulC8D3G3STDEV0.05.csv",7,"svm","accuracy",0.7904
"../scenariosimul/spambase.data",7,"svm","accuracy",0.7352
"../scenariosimul/cleankdd_train.csv",11,"svm","accuracy",0.8848
"../scenariosimul/connect-4Train.csv",11,"svm","accuracy",0.596
"../scenariosimul/covtype.data",11,"svm","accuracy",0.4712
"../scenariosimul/HIGGS.csv",11,"svm","accuracy",0.548
"../scenariosimul/scenariosimulC2D5G3STDEV0.05.csv",11,"svm","accuracy",0.5904
"../scenariosimul/scenariosimulC8D3G3STDEV0.05.csv",11,"svm","accuracy",0.7904
"../scenariosimul/spambase.data",11,"svm","accuracy",0.7352
"../scenariosimul/cleankdd_train.csv",15,"svm","accuracy",0.8848
"../scenariosimul/connect-4Train.csv",15,"svm","accuracy",0.596
"../scenariosimul/covtype.data",15,"svm","accuracy",0.4712
"../scenariosimul/HIGGS.csv",15,"svm","accuracy",0.548
"../scenariosimul/scenariosimulC2D5G3STDEV0.05.csv",15,"svm","accuracy",0.5904
"../scenariosimul/scenariosimulC8D3G3STDEV0.05.csv",15,"svm","accuracy",0.7904
"../scenariosimul/spambase.data",15,"svm","accuracy",0.7352
"../scenariosimul/cleankdd_train.csv",2,"xgboost","accuracy",0.9272
"../scenariosimul/connect-4Train.csv",2,"xgboost","accuracy",0.5968
"../scenariosimul/covtype.data",2,"xgboost","accuracy",0.636
"../scenariosimul/HIGGS.csv",2,"xgboost","accuracy",0.6072
"../scenariosimul/scenariosimulC2D5G3STDEV0.05.csv",2,"xgboost","accuracy",0.572
"../scenariosimul/scenariosimulC8D3G3STDEV0.05.csv",2,"xgboost","accuracy",0.7328
"../scenariosimul/spambase.data",2,"xgboost","accuracy",0.9016
"../scenariosimul/cleankdd_train.csv",4,"xgboost","accuracy",0.9272
"../scenariosimul/connect-4Train.csv",4,"xgboost","accuracy",0.5968
"../scenariosimul/covtype.data",4,"xgboost","accuracy",0.636
"../scenariosimul/HIGGS.csv",4,"xgboost","accuracy",0.6072
"../scenariosimul/scenariosimulC2D5G3STDEV0.05.csv",4,"xgboost","accuracy",0.572
"../scenariosimul/scenariosimulC8D3G3STDEV0.05.csv",4,"xgboost","accuracy",0.7328
"../scenariosimul/spambase.data",4,"xgboost","accuracy",0.9016
"../scenariosimul/cleankdd_train.csv",7,"xgboost","accuracy",0.9272
"../scenariosimul/connect-4Train.csv",7,"xgboost","accuracy",0.5968
"../scenariosimul/covtype.data",7,"xgboost","accuracy",0.636
"../scenariosimul/HIGGS.csv",7,"xgboost","accuracy",0.6072
"../scenariosimul/scenariosimulC2D5G3STDEV0.05.csv",7,"xgboost","accuracy",0.572
"../scenariosimul/scenariosimulC8D3G3STDEV0.05.csv",7,"xgboost","accuracy",0.7328
"../scenariosimul/spambase.data",7,"xgboost","accuracy",0.9016
"../scenariosimul/cleankdd_train.csv",11,"xgboost","accuracy",0.9272
"../scenariosimul/connect-4Train.csv",11,"xgboost","accuracy",0.5968
"../scenariosimul/covtype.data",11,"xgboost","accuracy",0.636
"../scenariosimul/HIGGS.csv",11,"xgboost","accuracy",0.6072
"../scenariosimul/scenariosimulC2D5G3STDEV0.05.csv",11,"xgboost","accuracy",0.572
"../scenariosimul/scenariosimulC8D3G3STDEV0.05.csv",11,"xgboost","accuracy",0.7328
"../scenariosimul/spambase.data",11,"xgboost","accuracy",0.9016
"../scenariosimul/cleankdd_train.csv",15,"xgboost","accuracy",0.9272
"../scenariosimul/connect-4Train.csv",15,"xgboost","accuracy",0.5968
"../scenariosimul/covtype.data",15,"xgboost","accuracy",0.636
"../scenariosimul/HIGGS.csv",15,"xgboost","accuracy",0.6072
"../scenariosimul/scenariosimulC2D5G3STDEV0.05.csv",15,"xgboost","accuracy",0.572
"../scenariosimul/scenariosimulC8D3G3STDEV0.05.csv",15,"xgboost","accuracy",0.7328
"../scenariosimul/spambase.data",15,"xgboost","accuracy",0.9016
"../scenariosimul/cleankdd_train.csv",2,"forest","precision",0.956563661548738
"../scenariosimul/connect-4Train.csv",2,"forest","precision",0.582229235896413
"../scenariosimul/covtype.data",2,"forest","precision",0.653296533640633
"../scenariosimul/HIGGS.csv",2,"forest","precision",0.625410335825676
"../scenariosimul/scenariosimulC2D5G3STDEV0.05.csv",2,"forest","precision",0.624224339188562
"../scenariosimul/scenariosimulC8D3G3STDEV0.05.csv",2,"forest","precision",0.786827708680371
"../scenariosimul/spambase.data",2,"forest","precision",0.925266097533329
"../scenariosimul/cleankdd_train.csv",4,"forest","precision",0.956563661548738
"../scenariosimul/connect-4Train.csv",4,"forest","precision",0.582229235896413
"../scenariosimul/covtype.data",4,"forest","precision",0.653296533640633
"../scenariosimul/HIGGS.csv",4,"forest","precision",0.625410335825676
"../scenariosimul/scenariosimulC2D5G3STDEV0.05.csv",4,"forest","precision",0.624224339188562
"../scenariosimul/scenariosimulC8D3G3STDEV0.05.csv",4,"forest","precision",0.786827708680371
"../scenariosimul/spambase.data",4,"forest","precision",0.925266097533329
"../scenariosimul/cleankdd_train.csv",7,"forest","precision",0.956563661548738
"../scenariosimul/connect-4Train.csv",7,"forest","precision",0.582229235896413
"../scenariosimul/covtype.data",7,"forest","precision",0.653296533640633
"../scenariosimul/HIGGS.csv",7,"forest","precision",0.625410335825676
"../scenariosimul/scenariosimulC2D5G3STDEV0.05.csv",7,"forest","precision",0.624224339188562
"../scenariosimul/scenariosimulC8D3G3STDEV0.05.csv",7,"forest","precision",0.786827708680371
"../scenariosimul/spambase.data",7,"forest","precision",0.925266097533329
"../scenariosimul/cleankdd_train.csv",11,"forest","precision",0.956563661548738
"../scenariosimul/connect-4Train.csv",11,"forest","precision",0.582229235896413
"../scenariosimul/covtype.data",11,"forest","precision",0.653296533640633
"../scenariosimul/HIGGS.csv",11,"forest","precision",0.625410335825676
"../scenariosimul/scenariosimulC2D5G3STDEV0.05.csv",11,"forest","precision",0.624224339188562
"../scenariosimul/scenariosimulC8D3G3STDEV0.05.csv",11,"forest","precision",0.786827708680371
"../scenariosimul/spambase.data",11,"forest","precision",0.925266097533329
"../scenariosimul/cleankdd_train.csv",15,"forest","precision",0.956563661548738
"../scenariosimul/connect-4Train.csv",15,"forest","precision",0.582229235896413
"../scenariosimul/covtype.data",15,"forest","precision",0.653296533640633
"../scenariosimul/HIGGS.csv",15,"forest","precision",0.625410335825676
"../scenariosimul/scenariosimulC2D5G3STDEV0.05.csv",15,"forest","precision",0.624224339188562
"../scenariosimul/scenariosimulC8D3G3STDEV0.05.csv",15,"forest","precision",0.786827708680371
"../scenariosimul/spambase.data",15,"forest","precision",0.925266097533329
"../scenariosimul/cleankdd_train.csv",2,"lda","precision",0.923807149716813
"../scenariosimul/connect-4Train.csv",2,"lda","precision",0.515359027849874
"../scenariosimul/covtype.data",2,"lda","precision",0.614894368260213
"../scenariosimul/HIGGS.csv",2,"lda","precision",0.602821583687727
"../scenariosimul/scenariosimulC2D5G3STDEV0.05.csv",2,"lda","precision",0.527645659797198
"../scenariosimul/scenariosimulC8D3G3STDEV0.05.csv",2,"lda","precision",0.341463794727898
"../scenariosimul/spambase.data",2,"lda","precision",0.883362727988892
"../scenariosimul/cleankdd_train.csv",4,"lda","precision",0.923807149716813
"../scenariosimul/connect-4Train.csv",4,"lda","precision",0.515359027849874
"../scenariosimul/covtype.data",4,"lda","precision",0.614894368260213
"../scenariosimul/HIGGS.csv",4,"lda","precision",0.602821583687727
"../scenariosimul/scenariosimulC2D5G3STDEV0.05.csv",4,"lda","precision",0.527645659797198
"../scenariosimul/scenariosimulC8D3G3STDEV0.05.csv",4,"lda","precision",0.341463794727898
"../scenariosimul/spambase.data",4,"lda","precision",0.883362727988892
"../scenariosimul/cleankdd_train.csv",7,"lda","precision",0.923807149716813
"../scenariosimul/connect-4Train.csv",7,"lda","precision",0.515359027849874
"../scenariosimul/covtype.data",7,"lda","precision",0.614894368260213
"../scenariosimul/HIGGS.csv",7,"lda","precision",0.602821583687727
"../scenariosimul/scenariosimulC2D5G3STDEV0.05.csv",7,"lda","precision",0.527645659797198
"../scenariosimul/scenariosimulC8D3G3STDEV0.05.csv",7,"lda","precision",0.341463794727898
"../scenariosimul/spambase.data",7,"lda","precision",0.883362727988892
"../scenariosimul/cleankdd_train.csv",11,"lda","precision",0.923807149716813
"../scenariosimul/connect-4Train.csv",11,"lda","precision",0.515359027849874
"../scenariosimul/covtype.data",11,"lda","precision",0.614894368260213
"../scenariosimul/HIGGS.csv",11,"lda","precision",0.602821583687727
"../scenariosimul/scenariosimulC2D5G3STDEV0.05.csv",11,"lda","precision",0.527645659797198
"../scenariosimul/scenariosimulC8D3G3STDEV0.05.csv",11,"lda","precision",0.341463794727898
"../scenariosimul/spambase.data",11,"lda","precision",0.883362727988892
"../scenariosimul/cleankdd_train.csv",15,"lda","precision",0.923807149716813
"../scenariosimul/connect-4Train.csv",15,"lda","precision",0.515359027849874
"../scenariosimul/covtype.data",15,"lda","precision",0.614894368260213
"../scenariosimul/HIGGS.csv",15,"lda","precision",0.602821583687727
"../scenariosimul/scenariosimulC2D5G3STDEV0.05.csv",15,"lda","precision",0.527645659797198
"../scenariosimul/scenariosimulC8D3G3STDEV0.05.csv",15,"lda","precision",0.341463794727898
"../scenariosimul/spambase.data",15,"lda","precision",0.883362727988892
"../scenariosimul/cleankdd_train.csv",2,"multinom","precision",0.954247315909384
"../scenariosimul/connect-4Train.csv",2,"multinom","precision",0.528647569224767
"../scenariosimul/covtype.data",2,"multinom","precision",0.641185777408053
"../scenariosimul/HIGGS.csv",2,"multinom","precision",0.595911534357695
"../scenariosimul/scenariosimulC2D5G3STDEV0.05.csv",2,"multinom","precision",0.527627174079839
"../scenariosimul/scenariosimulC8D3G3STDEV0.05.csv",2,"multinom","precision",0.349735350000293
"../scenariosimul/spambase.data",2,"multinom","precision",0.853474160550441
"../scenariosimul/cleankdd_train.csv",4,"multinom","precision",0.954247315909384
"../scenariosimul/connect-4Train.csv",4,"multinom","precision",0.528647569224767
"../scenariosimul/covtype.data",4,"multinom","precision",0.641185777408053
"../scenariosimul/HIGGS.csv",4,"multinom","precision",0.595911534357695
"../scenariosimul/scenariosimulC2D5G3STDEV0.05.csv",4,"multinom","precision",0.527627174079839
"../scenariosimul/scenariosimulC8D3G3STDEV0.05.csv",4,"multinom","precision",0.349735350000293
"../scenariosimul/spambase.data",4,"multinom","precision",0.853474160550441
"../scenariosimul/cleankdd_train.csv",7,"multinom","precision",0.954247315909384
"../scenariosimul/connect-4Train.csv",7,"multinom","precision",0.528647569224767
"../scenariosimul/covtype.data",7,"multinom","precision",0.641185777408053
"../scenariosimul/HIGGS.csv",7,"multinom","precision",0.595911534357695
"../scenariosimul/scenariosimulC2D5G3STDEV0.05.csv",7,"multinom","precision",0.527627174079839
"../scenariosimul/scenariosimulC8D3G3STDEV0.05.csv",7,"multinom","precision",0.349735350000293
"../scenariosimul/spambase.data",7,"multinom","precision",0.853474160550441
"../scenariosimul/cleankdd_train.csv",11,"multinom","precision",0.954247315909384
"../scenariosimul/connect-4Train.csv",11,"multinom","precision",0.528647569224767
"../scenariosimul/covtype.data",11,"multinom","precision",0.641185777408053
"../scenariosimul/HIGGS.csv",11,"multinom","precision",0.595911534357695
"../scenariosimul/scenariosimulC2D5G3STDEV0.05.csv",11,"multinom","precision",0.527627174079839
"../scenariosimul/scenariosimulC8D3G3STDEV0.05.csv",11,"multinom","precision",0.349735350000293
"../scenariosimul/spambase.data",11,"multinom","precision",0.853474160550441
"../scenariosimul/cleankdd_train.csv",15,"multinom","precision",0.954247315909384
"../scenariosimul/connect-4Train.csv",15,"multinom","precision",0.528647569224767
"../scenariosimul/covtype.data",15,"multinom","precision",0.641185777408053
"../scenariosimul/HIGGS.csv",15,"multinom","precision",0.595911534357695
"../scenariosimul/scenariosimulC2D5G3STDEV0.05.csv",15,"multinom","precision",0.527627174079839
"../scenariosimul/scenariosimulC8D3G3STDEV0.05.csv",15,"multinom","precision",0.349735350000293
"../scenariosimul/spambase.data",15,"multinom","precision",0.853474160550441
"../scenariosimul/cleankdd_train.csv",2,"svm","precision",0.887095987315911
"../scenariosimul/connect-4Train.csv",2,"svm","precision",0.51498560936975
"../scenariosimul/covtype.data",2,"svm","precision",0.457508935685828
"../scenariosimul/HIGGS.csv",2,"svm","precision",0.552709711959496
"../scenariosimul/scenariosimulC2D5G3STDEV0.05.csv",2,"svm","precision",0.607104149176047
"../scenariosimul/scenariosimulC8D3G3STDEV0.05.csv",2,"svm","precision",0.774636961011569
"../scenariosimul/spambase.data",2,"svm","precision",0.763105684331418
"../scenariosimul/cleankdd_train.csv",4,"svm","precision",0.887095987315911
"../scenariosimul/connect-4Train.csv",4,"svm","precision",0.51498560936975
"../scenariosimul/covtype.data",4,"svm","precision",0.457508935685828
"../scenariosimul/HIGGS.csv",4,"svm","precision",0.552709711959496
"../scenariosimul/scenariosimulC2D5G3STDEV0.05.csv",4,"svm","precision",0.607104149176047
"../scenariosimul/scenariosimulC8D3G3STDEV0.05.csv",4,"svm","precision",0.774636961011569
"../scenariosimul/spambase.data",4,"svm","precision",0.763105684331418
"../scenariosimul/cleankdd_train.csv",7,"svm","precision",0.887095987315911
"../scenariosimul/connect-4Train.csv",7,"svm","precision",0.51498560936975
"../scenariosimul/covtype.data",7,"svm","precision",0.457508935685828
"../scenariosimul/HIGGS.csv",7,"svm","precision",0.552709711959496
"../scenariosimul/scenariosimulC2D5G3STDEV0.05.csv",7,"svm","precision",0.607104149176047
"../scenariosimul/scenariosimulC8D3G3STDEV0.05.csv",7,"svm","precision",0.774636961011569
"../scenariosimul/spambase.data",7,"svm","precision",0.763105684331418
"../scenariosimul/cleankdd_train.csv",11,"svm","precision",0.887095987315911
"../scenariosimul/connect-4Train.csv",11,"svm","precision",0.51498560936975
"../scenariosimul/covtype.data",11,"svm","precision",0.457508935685828
"../scenariosimul/HIGGS.csv",11,"svm","precision",0.552709711959496
"../scenariosimul/scenariosimulC2D5G3STDEV0.05.csv",11,"svm","precision",0.607104149176047
"../scenariosimul/scenariosimulC8D3G3STDEV0.05.csv",11,"svm","precision",0.774636961011569
"../scenariosimul/spambase.data",11,"svm","precision",0.763105684331418
"../scenariosimul/cleankdd_train.csv",15,"svm","precision",0.887095987315911
"../scenariosimul/connect-4Train.csv",15,"svm","precision",0.51498560936975
"../scenariosimul/covtype.data",15,"svm","precision",0.457508935685828
"../scenariosimul/HIGGS.csv",15,"svm","precision",0.552709711959496
"../scenariosimul/scenariosimulC2D5G3STDEV0.05.csv",15,"svm","precision",0.607104149176047
"../scenariosimul/scenariosimulC8D3G3STDEV0.05.csv",15,"svm","precision",0.774636961011569
"../scenariosimul/spambase.data",15,"svm","precision",0.763105684331418
"../scenariosimul/cleankdd_train.csv",2,"xgboost","precision",0.952458277535611
"../scenariosimul/connect-4Train.csv",2,"xgboost","precision",0.597183252854044
"../scenariosimul/covtype.data",2,"xgboost","precision",0.654057270843078
"../scenariosimul/HIGGS.csv",2,"xgboost","precision",0.618583874703011
"../scenariosimul/scenariosimulC2D5G3STDEV0.05.csv",2,"xgboost","precision",0.588681854079258
"../scenariosimul/scenariosimulC8D3G3STDEV0.05.csv",2,"xgboost","precision",0.692354962060925
"../scenariosimul/spambase.data",2,"xgboost","precision",0.911316493699982
"../scenariosimul/cleankdd_train.csv",4,"xgboost","precision",0.952458277535611
"../scenariosimul/connect-4Train.csv",4,"xgboost","precision",0.597183252854044
"../scenariosimul/covtype.data",4,"xgboost","precision",0.654057270843078
"../scenariosimul/HIGGS.csv",4,"xgboost","precision",0.618583874703011
"../scenariosimul/scenariosimulC2D5G3STDEV0.05.csv",4,"xgboost","precision",0.588681854079258
"../scenariosimul/scenariosimulC8D3G3STDEV0.05.csv",4,"xgboost","precision",0.692354962060925
"../scenariosimul/spambase.data",4,"xgboost","precision",0.911316493699982
"../scenariosimul/cleankdd_train.csv",7,"xgboost","precision",0.952458277535611
"../scenariosimul/connect-4Train.csv",7,"xgboost","precision",0.597183252854044
"../scenariosimul/covtype.data",7,"xgboost","precision",0.654057270843078
"../scenariosimul/HIGGS.csv",7,"xgboost","precision",0.618583874703011
"../scenariosimul/scenariosimulC2D5G3STDEV0.05.csv",7,"xgboost","precision",0.588681854079258
"../scenariosimul/scenariosimulC8D3G3STDEV0.05.csv",7,"xgboost","precision",0.692354962060925
"../scenariosimul/spambase.data",7,"xgboost","precision",0.911316493699982
"../scenariosimul/cleankdd_train.csv",11,"xgboost","precision",0.952458277535611
"../scenariosimul/connect-4Train.csv",11,"xgboost","precision",0.597183252854044
"../scenariosimul/covtype.data",11,"xgboost","precision",0.654057270843078
"../scenariosimul/HIGGS.csv",11,"xgboost","precision",0.618583874703011
"../scenariosimul/scenariosimulC2D5G3STDEV0.05.csv",11,"xgboost","precision",0.588681854079258
"../scenariosimul/scenariosimulC8D3G3STDEV0.05.csv",11,"xgboost","precision",0.692354962060925
"../scenariosimul/spambase.data",11,"xgboost","precision",0.911316493699982
"../scenariosimul/cleankdd_train.csv",15,"xgboost","precision",0.952458277535611
"../scenariosimul/connect-4Train.csv",15,"xgboost","precision",0.597183252854044
"../scenariosimul/covtype.data",15,"xgboost","precision",0.654057270843078
"../scenariosimul/HIGGS.csv",15,"xgboost","precision",0.618583874703011
"../scenariosimul/scenariosimulC2D5G3STDEV0.05.csv",15,"xgboost","precision",0.588681854079258
"../scenariosimul/scenariosimulC8D3G3STDEV0.05.csv",15,"xgboost","precision",0.692354962060925
"../scenariosimul/spambase.data",15,"xgboost","precision",0.911316493699982
"../scenariosimul/cleankdd_train.csv",2,"forest","recall",0.963834299347268
"../scenariosimul/connect-4Train.csv",2,"forest","recall",0.627205166063267
"../scenariosimul/covtype.data",2,"forest","recall",0.695951813699937
"../scenariosimul/HIGGS.csv",2,"forest","recall",0.624671719125491
"../scenariosimul/scenariosimulC2D5G3STDEV0.05.csv",2,"forest","recall",0.590293697862357
"../scenariosimul/scenariosimulC8D3G3STDEV0.05.csv",2,"forest","recall",0.792291066207359
"../scenariosimul/spambase.data",2,"forest","recall",0.904161194887371
"../scenariosimul/cleankdd_train.csv",4,"forest","recall",0.963834299347268
"../scenariosimul/connect-4Train.csv",4,"forest","recall",0.627205166063267
"../scenariosimul/covtype.data",4,"forest","recall",0.695951813699937
"../scenariosimul/HIGGS.csv",4,"forest","recall",0.624671719125491
"../scenariosimul/scenariosimulC2D5G3STDEV0.05.csv",4,"forest","recall",0.590293697862357
"../scenariosimul/scenariosimulC8D3G3STDEV0.05.csv",4,"forest","recall",0.792291066207359
"../scenariosimul/spambase.data",4,"forest","recall",0.904161194887371
"../scenariosimul/cleankdd_train.csv",7,"forest","recall",0.963834299347268
"../scenariosimul/connect-4Train.csv",7,"forest","recall",0.627205166063267
"../scenariosimul/covtype.data",7,"forest","recall",0.695951813699937
"../scenariosimul/HIGGS.csv",7,"forest","recall",0.624671719125491
"../scenariosimul/scenariosimulC2D5G3STDEV0.05.csv",7,"forest","recall",0.590293697862357
"../scenariosimul/scenariosimulC8D3G3STDEV0.05.csv",7,"forest","recall",0.792291066207359
"../scenariosimul/spambase.data",7,"forest","recall",0.904161194887371
"../scenariosimul/cleankdd_train.csv",11,"forest","recall",0.963834299347268
"../scenariosimul/connect-4Train.csv",11,"forest","recall",0.627205166063267
"../scenariosimul/covtype.data",11,"forest","recall",0.695951813699937
"../scenariosimul/HIGGS.csv",11,"forest","recall",0.624671719125491
"../scenariosimul/scenariosimulC2D5G3STDEV0.05.csv",11,"forest","recall",0.590293697862357
"../scenariosimul/scenariosimulC8D3G3STDEV0.05.csv",11,"forest","recall",0.792291066207359
"../scenariosimul/spambase.data",11,"forest","recall",0.904161194887371
"../scenariosimul/cleankdd_train.csv",15,"forest","recall",0.963834299347268
"../scenariosimul/connect-4Train.csv",15,"forest","recall",0.627205166063267
"../scenariosimul/covtype.data",15,"forest","recall",0.695951813699937
"../scenariosimul/HIGGS.csv",15,"forest","recall",0.624671719125491
"../scenariosimul/scenariosimulC2D5G3STDEV0.05.csv",15,"forest","recall",0.590293697862357
"../scenariosimul/scenariosimulC8D3G3STDEV0.05.csv",15,"forest","recall",0.792291066207359
"../scenariosimul/spambase.data",15,"forest","recall",0.904161194887371
"../scenariosimul/cleankdd_train.csv",2,"lda","recall",0.873643904907837
"../scenariosimul/connect-4Train.csv",2,"lda","recall",0.556534156818547
"../scenariosimul/covtype.data",2,"lda","recall",0.591318512532684
"../scenariosimul/HIGGS.csv",2,"lda","recall",0.600122088163287
"../scenariosimul/scenariosimulC2D5G3STDEV0.05.csv",2,"lda","recall",0.493035994525547
"../scenariosimul/scenariosimulC8D3G3STDEV0.05.csv",2,"lda","recall",0.35189450468769
"../scenariosimul/spambase.data",2,"lda","recall",0.858997517226587
"../scenariosimul/cleankdd_train.csv",4,"lda","recall",0.873643904907837
"../scenariosimul/connect-4Train.csv",4,"lda","recall",0.556534156818547
"../scenariosimul/covtype.data",4,"lda","recall",0.591318512532684
"../scenariosimul/HIGGS.csv",4,"lda","recall",0.600122088163287
"../scenariosimul/scenariosimulC2D5G3STDEV0.05.csv",4,"lda","recall",0.493035994525547
"../scenariosimul/scenariosimulC8D3G3STDEV0.05.csv",4,"lda","recall",0.35189450468769
"../scenariosimul/spambase.data",4,"lda","recall",0.858997517226587
"../scenariosimul/cleankdd_train.csv",7,"lda","recall",0.873643904907837
"../scenariosimul/connect-4Train.csv",7,"lda","recall",0.556534156818547
"../scenariosimul/covtype.data",7,"lda","recall",0.591318512532684
"../scenariosimul/HIGGS.csv",7,"lda","recall",0.600122088163287
"../scenariosimul/scenariosimulC2D5G3STDEV0.05.csv",7,"lda","recall",0.493035994525547
"../scenariosimul/scenariosimulC8D3G3STDEV0.05.csv",7,"lda","recall",0.35189450468769
"../scenariosimul/spambase.data",7,"lda","recall",0.858997517226587
"../scenariosimul/cleankdd_train.csv",11,"lda","recall",0.873643904907837
"../scenariosimul/connect-4Train.csv",11,"lda","recall",0.556534156818547
"../scenariosimul/covtype.data",11,"lda","recall",0.591318512532684
"../scenariosimul/HIGGS.csv",11,"lda","recall",0.600122088163287
"../scenariosimul/scenariosimulC2D5G3STDEV0.05.csv",11,"lda","recall",0.493035994525547
"../scenariosimul/scenariosimulC8D3G3STDEV0.05.csv",11,"lda","recall",0.35189450468769
"../scenariosimul/spambase.data",11,"lda","recall",0.858997517226587
"../scenariosimul/cleankdd_train.csv",15,"lda","recall",0.873643904907837
"../scenariosimul/connect-4Train.csv",15,"lda","recall",0.556534156818547
"../scenariosimul/covtype.data",15,"lda","recall",0.591318512532684
"../scenariosimul/HIGGS.csv",15,"lda","recall",0.600122088163287
"../scenariosimul/scenariosimulC2D5G3STDEV0.05.csv",15,"lda","recall",0.493035994525547
"../scenariosimul/scenariosimulC8D3G3STDEV0.05.csv",15,"lda","recall",0.35189450468769
"../scenariosimul/spambase.data",15,"lda","recall",0.858997517226587
"../scenariosimul/cleankdd_train.csv",2,"multinom","recall",0.927374247294127
"../scenariosimul/connect-4Train.csv",2,"multinom","recall",0.584295258813353
"../scenariosimul/covtype.data",2,"multinom","recall",0.627199989169146
"../scenariosimul/HIGGS.csv",2,"multinom","recall",0.596581353784836
"../scenariosimul/scenariosimulC2D5G3STDEV0.05.csv",2,"multinom","recall",0.492254744525547
"../scenariosimul/scenariosimulC8D3G3STDEV0.05.csv",2,"multinom","recall",0.369219271630277
"../scenariosimul/spambase.data",2,"multinom","recall",0.850809066604361
"../scenariosimul/cleankdd_train.csv",4,"multinom","recall",0.927374247294127
"../scenariosimul/connect-4Train.csv",4,"multinom","recall",0.584295258813353
"../scenariosimul/covtype.data",4,"multinom","recall",0.627199989169146
"../scenariosimul/HIGGS.csv",4,"multinom","recall",0.596581353784836
"../scenariosimul/scenariosimulC2D5G3STDEV0.05.csv",4,"multinom","recall",0.492254744525547
"../scenariosimul/scenariosimulC8D3G3STDEV0.05.csv",4,"multinom","recall",0.369219271630277
"../scenariosimul/spambase.data",4,"multinom","recall",0.850809066604361
"../scenariosimul/cleankdd_train.csv",7,"multinom","recall",0.927374247294127
"../scenariosimul/connect-4Train.csv",7,"multinom","recall",0.584295258813353
"../scenariosimul/covtype.data",7,"multinom","recall",0.627199989169146
"../scenariosimul/HIGGS.csv",7,"multinom","recall",0.596581353784836
"../scenariosimul/scenariosimulC2D5G3STDEV0.05.csv",7,"multinom","recall",0.492254744525547
"../scenariosimul/scenariosimulC8D3G3STDEV0.05.csv",7,"multinom","recall",0.369219271630277
"../scenariosimul/spambase.data",7,"multinom","recall",0.850809066604361
"../scenariosimul/cleankdd_train.csv",11,"multinom","recall",0.927374247294127
"../scenariosimul/connect-4Train.csv",11,"multinom","recall",0.584295258813353
"../scenariosimul/covtype.data",11,"multinom","recall",0.627199989169146
"../scenariosimul/HIGGS.csv",11,"multinom","recall",0.596581353784836
"../scenariosimul/scenariosimulC2D5G3STDEV0.05.csv",11,"multinom","recall",0.492254744525547
"../scenariosimul/scenariosimulC8D3G3STDEV0.05.csv",11,"multinom","recall",0.369219271630277
"../scenariosimul/spambase.data",11,"multinom","recall",0.850809066604361
"../scenariosimul/cleankdd_train.csv",15,"multinom","recall",0.927374247294127
"../scenariosimul/connect-4Train.csv",15,"multinom","recall",0.584295258813353
"../scenariosimul/covtype.data",15,"multinom","recall",0.627199989169146
"../scenariosimul/HIGGS.csv",15,"multinom","recall",0.596581353784836
"../scenariosimul/scenariosimulC2D5G3STDEV0.05.csv",15,"multinom","recall",0.492254744525547
"../scenariosimul/scenariosimulC8D3G3STDEV0.05.csv",15,"multinom","recall",0.369219271630277
"../scenariosimul/spambase.data",15,"multinom","recall",0.850809066604361
"../scenariosimul/cleankdd_train.csv",2,"svm","recall",0.90217323423186
"../scenariosimul/connect-4Train.csv",2,"svm","recall",0.621150452237879
"../scenariosimul/covtype.data",2,"svm","recall",0.589976618366268
"../scenariosimul/HIGGS.csv",2,"svm","recall",0.57143639339384
"../scenariosimul/scenariosimulC2D5G3STDEV0.05.csv",2,"svm","recall",0.584376798748697
"../scenariosimul/scenariosimulC8D3G3STDEV0.05.csv",2,"svm","recall",0.761308585007244
"../scenariosimul/spambase.data",2,"svm","recall",0.721509477591074
"../scenariosimul/cleankdd_train.csv",4,"svm","recall",0.90217323423186
"../scenariosimul/connect-4Train.csv",4,"svm","recall",0.621150452237879
"../scenariosimul/covtype.data",4,"svm","recall",0.589976618366268
"../scenariosimul/HIGGS.csv",4,"svm","recall",0.57143639339384
"../scenariosimul/scenariosimulC2D5G3STDEV0.05.csv",4,"svm","recall",0.584376798748697
"../scenariosimul/scenariosimulC8D3G3STDEV0.05.csv",4,"svm","recall",0.761308585007244
"../scenariosimul/spambase.data",4,"svm","recall",0.721509477591074
"../scenariosimul/cleankdd_train.csv",7,"svm","recall",0.90217323423186
"../scenariosimul/connect-4Train.csv",7,"svm","recall",0.621150452237879
"../scenariosimul/covtype.data",7,"svm","recall",0.589976618366268
"../scenariosimul/HIGGS.csv",7,"svm","recall",0.57143639339384
"../scenariosimul/scenariosimulC2D5G3STDEV0.05.csv",7,"svm","recall",0.584376798748697
"../scenariosimul/scenariosimulC8D3G3STDEV0.05.csv",7,"svm","recall",0.761308585007244
"../scenariosimul/spambase.data",7,"svm","recall",0.721509477591074
"../scenariosimul/cleankdd_train.csv",11,"svm","recall",0.90217323423186
"../scenariosimul/connect-4Train.csv",11,"svm","recall",0.621150452237879
"../scenariosimul/covtype.data",11,"svm","recall",0.589976618366268
"../scenariosimul/HIGGS.csv",11,"svm","recall",0.57143639339384
"../scenariosimul/scenariosimulC2D5G3STDEV0.05.csv",11,"svm","recall",0.584376798748697
"../scenariosimul/scenariosimulC8D3G3STDEV0.05.csv",11,"svm","recall",0.761308585007244
"../scenariosimul/spambase.data",11,"svm","recall",0.721509477591074
"../scenariosimul/cleankdd_train.csv",15,"svm","recall",0.90217323423186
"../scenariosimul/connect-4Train.csv",15,"svm","recall",0.621150452237879
"../scenariosimul/covtype.data",15,"svm","recall",0.589976618366268
"../scenariosimul/HIGGS.csv",15,"svm","recall",0.57143639339384
"../scenariosimul/scenariosimulC2D5G3STDEV0.05.csv",15,"svm","recall",0.584376798748697
"../scenariosimul/scenariosimulC8D3G3STDEV0.05.csv",15,"svm","recall",0.761308585007244
"../scenariosimul/spambase.data",15,"svm","recall",0.721509477591074
"../scenariosimul/cleankdd_train.csv",2,"xgboost","recall",0.932939370804819
"../scenariosimul/connect-4Train.csv",2,"xgboost","recall",0.627832918358991
"../scenariosimul/covtype.data",2,"xgboost","recall",0.679590202980701
"../scenariosimul/HIGGS.csv",2,"xgboost","recall",0.616802625871872
"../scenariosimul/scenariosimulC2D5G3STDEV0.05.csv",2,"xgboost","recall",0.556568997653806
"../scenariosimul/scenariosimulC8D3G3STDEV0.05.csv",2,"xgboost","recall",0.709704510860722
"../scenariosimul/spambase.data",2,"xgboost","recall",0.89837016075594
"../scenariosimul/cleankdd_train.csv",4,"xgboost","recall",0.932939370804819
"../scenariosimul/connect-4Train.csv",4,"xgboost","recall",0.627832918358991
"../scenariosimul/covtype.data",4,"xgboost","recall",0.679590202980701
"../scenariosimul/HIGGS.csv",4,"xgboost","recall",0.616802625871872
"../scenariosimul/scenariosimulC2D5G3STDEV0.05.csv",4,"xgboost","recall",0.556568997653806
"../scenariosimul/scenariosimulC8D3G3STDEV0.05.csv",4,"xgboost","recall",0.709704510860722
"../scenariosimul/spambase.data",4,"xgboost","recall",0.89837016075594
"../scenariosimul/cleankdd_train.csv",7,"xgboost","recall",0.932939370804819
"../scenariosimul/connect-4Train.csv",7,"xgboost","recall",0.627832918358991
"../scenariosimul/covtype.data",7,"xgboost","recall",0.679590202980701
"../scenariosimul/HIGGS.csv",7,"xgboost","recall",0.616802625871872
"../scenariosimul/scenariosimulC2D5G3STDEV0.05.csv",7,"xgboost","recall",0.556568997653806
"../scenariosimul/scenariosimulC8D3G3STDEV0.05.csv",7,"xgboost","recall",0.709704510860722
"../scenariosimul/spambase.data",7,"xgboost","recall",0.89837016075594
"../scenariosimul/cleankdd_train.csv",11,"xgboost","recall",0.932939370804819
"../scenariosimul/connect-4Train.csv",11,"xgboost","recall",0.627832918358991
"../scenariosimul/covtype.data",11,"xgboost","recall",0.679590202980701
"../scenariosimul/HIGGS.csv",11,"xgboost","recall",0.616802625871872
"../scenariosimul/scenariosimulC2D5G3STDEV0.05.csv",11,"xgboost","recall",0.556568997653806
"../scenariosimul/scenariosimulC8D3G3STDEV0.05.csv",11,"xgboost","recall",0.709704510860722
"../scenariosimul/spambase.data",11,"xgboost","recall",0.89837016075594
"../scenariosimul/cleankdd_train.csv",15,"xgboost","recall",0.932939370804819
"../scenariosimul/connect-4Train.csv",15,"xgboost","recall",0.627832918358991
"../scenariosimul/covtype.data",15,"xgboost","recall",0.679590202980701
"../scenariosimul/HIGGS.csv",15,"xgboost","recall",0.616802625871872
"../scenariosimul/scenariosimulC2D5G3STDEV0.05.csv",15,"xgboost","recall",0.556568997653806
"../scenariosimul/scenariosimulC8D3G3STDEV0.05.csv",15,"xgboost","recall",0.709704510860722
"../scenariosimul/spambase.data",15,"xgboost","recall",0.89837016075594
